,ticker,date,time,title
0,BTCS,Sep-09-22,08:41AM  ,BTCS Inc. and Force Family Office to Host a Closing Bell Webinar
1,BTCS,Aug-12-22,08:30AM  ,BTCS Reports Q2 2022 Results
2,BTCS,Jul-22-22,08:00AM  ,BTCS Inc. Interview to Air on Bloomberg U.S. on the RedChip Money Report(R)
3,BTCS,Jul-19-22,08:31AM  ,BTCS Inc. will participate in the Barrons virtual interview to discuss: Can the Digital Asset Industry Beat the Regulators?
4,BTCS,Jul-18-22,08:31AM  ,BTCS Inc. and Force Family Office to Host a Fireside Chat with Benchmark to discuss the state of blockchain and cryptocurrency sectors
5,BTCS,Jul-05-22,08:31AM  ,BTCS Announces Appointment of Skilled Industry Professional to Play Pivotal Role as Vice President of Investor Relations
6,BTCS,Jun-11-22,09:36AM  ,Is BTCS (NASDAQ:BTCS) In A Good Position To Deliver On Growth Plans?
7,BTCS,May-20-22,08:31AM  ,"BTCS to Present at H. C. Wainwright Global Investment Conference on May 23-26, 2022"
8,BTCS,May-17-22,08:31AM  ,BTCS Inc. and Force Family Office to Host Crypto 101: An Introduction to Decentralized Finance And The Technology That Powers It
9,BTCS,May-16-22,03:11PM  ,BTCS Shares Gain on Q1 Revenue Growth; Becomes First US Bitcoin Company To Declare Dividend
10,BTCS,May-16-22,08:31AM  ,BTCS Reports Q1 2022 Results
11,BTCS,May-11-22,08:31AM  ,BTCS Adds Axie Infinity to its Blockchain Infrastructure Operations
12,BTCS,Apr-27-22,08:31AM  ,BTCS Adds Kava to its Blockchain Infrastructure Operations
13,BTCS,Apr-20-22,08:31AM  ,BTCS Adds Polygon to its Blockchain Infrastructure Operations
14,BTCS,Mar-16-22,09:01AM  ,BTCS to Present at Ladenburg Thalmann Virtual Special Crypto Expo on March 24th
15,BTCS,Mar-14-22,09:01AM  ,BTCS Reports Q4 2021 Results
16,BTCS,Mar-09-22,08:31AM  ,BTCS Adds Terra to its Growing Blockchain Infrastructure Operations
17,BTCS,Mar-02-22,08:31AM  ,BTCS Set to Offer a Dividend Payable in Bitcoin in Two Weeks
18,BTCS,Mar-01-22,09:00AM  ,BTCS Adds Polkadot to its Growing Blockchain Infrastructure Operations
19,BTCS,Feb-22-22,08:31AM  ,BTCS Prepares for Accelerated Growth with Appointment of Experienced Crypto Developer as CTO
20,BTCS,Feb-16-22,09:00AM  ,Solana Added to BTCS Blockchain Infrastructure
21,BTCS,Feb-14-22,09:00AM  ,"BTCS to Present at Aegis Virtual Conference on February 23, 2022"
22,BTCS,Jan-24-22,08:00AM  ,BTCS Adds Kusama to its Blockchain Infrastructure Operations
23,BTCS,Jan-21-22,07:32AM  ,Todays Biggest Pre-Market Stock Movers: 10 Top Gainers and Losers on Friday
24,BTCS,Jan-13-22,12:09PM  ,BTCS Stock Alert: Why Is the Bividend Issuer Skyrocketing Today?
25,BTCS,Jan-13-22,09:37AM  ,Blockchain firm BTCS soars on retail rush for bitcoin dividends
26,BTCS,Jan-13-22,08:31AM  ,BTCS Adds Algorand to its Blockchain Infrastructure Operations
27,BTCS,Jan-13-22,07:35AM  ,Todays Biggest Pre-Market Stock Movers: 10 Top Gainers and Losers on Thursday
28,BTCS,Jan-11-22,04:36PM  ,Bitcoins Tailwinds Relate to Increasing Institutional Acceptance
29,BTCS,Jan-07-22,01:20PM  ,Bitcoin Dividend News Thrusts BTCS Stock Into the Spotlight. 8 Things to Know.
30,BTCS,Jan-06-22,02:43PM  ,The Bividend: Whats Up With BTCSs Bitcoin Dividend?
31,BTCS,Jan-05-22,05:26PM  ,Why Bitcoin And Friends Could Rise In January
32,BTCS,Jan-05-22,10:25AM  ,Nasdaq-Listed Firm Says It Will Offer the First Bitcoin Dividend
33,BTCS,Jan-05-22,08:47AM  ,"BTCS stock bounces off 1-year low after plan to pay a 'Bividend,' or dividend payable in bitcoin"
34,BTCS,Jan-05-22,08:31AM  ,BTCS First-ever Nasdaq-listed Company to Offer a Dividend Payable in Bitcoin
35,BTCS,Dec-01-21,08:15AM  ,"BTCS Strengthens Leadership, Appointing Former Big 4 Accountant as CFO"
36,BTCS,Nov-15-21,08:13AM  ,"With Convertible Note Retirement, BTCS Now Debt Free"
37,BTCS,Nov-10-21,09:00AM  ,BTCS Reports Q3 2021 Financial Results
38,BTCS,Nov-02-21,09:30AM  ,BTCS Enhances Website to Better Articulate Business Plan and Growth Trajectory
39,BTCS,Oct-19-21,08:01AM  ,Cosmos Now Supported By BTCS Blockchain Infrastructure Operations
40,BTCS,Oct-06-21,07:31AM  ,BTCS Digital Asset Analytics Platform In Beta Release
41,BTCS,Sep-27-21,09:21AM  ,"BTCS Retires Convertible Note Early, Eliminates Potential Equity Dilution"
42,BTCS,Sep-17-21,08:31AM  ,BTCSs Expanding Blockchain Infrastructure Operations Include Avalanche Node
43,BTCS,Sep-13-21,08:31AM  ,BTCS to Commence Trading on Nasdaq
44,BTCS,Sep-09-21,08:45AM  ,BTCS to Present at H.C. Wainwright 23rd Annual Global Investment Conference
45,BTCS,Aug-27-21,09:20AM  ,BTCS to Present at Benzinga Crypto Fest on September 1
46,BTCS,Aug-17-21,08:31AM  ,BTCS Announces Reverse Stock Split in Preparation for Uplist to Nasdaq
47,BTCS,Aug-11-21,08:31AM  ,BTCS Adds Tezos Staking to its Blockchain Infrastructure Operations
48,BTCS,Aug-09-21,08:31AM  ,BTCS Provides Q2 2021 Update
49,BTCS,Jun-29-21,08:37AM  ,BTCS CEO to Present at XCELLR8 RIA & WealthTech Online Summit
50,BTCS,Jun-28-21,08:47AM  ,BTCS Appoints Veteran Finance Executive Andrew Lee as CFO
51,BTCS,Jun-15-21,09:50AM  ,BTCS Grows Blockchain Infrastructure Solutions Segment with Cardano Launch
